target,prediction
4.051432, 3.965950
3.9659502506256104,4.051432132720947
1.053484, 1.656878
1.656877875328064,1.0534838438034058
2.881401, 2.532026
2.5320260524749756,2.8814005851745605
2.071658, 1.788783
1.7887829542160034,2.071658134460449
5.114285, 5.733732
5.733731746673584,5.114285469055176
3.554210, 3.390781
3.3907811641693115,3.5542097091674805
2.158355, 1.713226
1.713226079940796,2.1583545207977295
5.619669, 5.194998
5.194998264312744,5.619668960571289
2.286886, 2.080003
2.080003023147583,2.286885976791382
0.216139, 0.259163
0.2591625154018402,0.21613860130310059
0.332400, 0.194240
0.19423983991146088,0.3324001431465149
2.166686, 2.141442
2.141442060470581,2.1666858196258545
2.674313, -0.387817
-0.38781657814979553,2.6743128299713135
0.355625, -1.147993
-1.147992730140686,0.355624794960022
1.677441, 1.737339
1.737338900566101,1.6774410009384155
2.248475, 2.074850
2.074850082397461,2.2484753131866455
1.842696, 1.868171
1.868171215057373,1.8426964282989502
-0.799907, -0.872767
-0.8727667331695557,-0.7999066710472107
1.186858, 2.885879
2.8858792781829834,1.1868581771850586
-0.584981, -0.098017
-0.0980166643857956,-0.5849806070327759
1.008802, 1.180217
1.180216670036316,1.0088016986846924
3.122262, 2.467952
2.4679524898529053,3.1222620010375977
2.191105, 1.483917
1.4839165210723877,2.1911046504974365
4.881057, 4.107255
4.107254505157471,4.881056785583496
4.800975, 4.592749
4.592749118804932,4.8009748458862305
0.962872, 1.003319
1.0033193826675415,0.9628722667694092
3.890568, 4.020103
4.020102500915527,3.8905680179595947
4.425693, 4.031599
4.0315985679626465,4.425692558288574
1.286544, 1.056296
1.0562963485717773,1.2865437269210815
2.281685, 2.130723
2.130723237991333,2.281684637069702
2.073615, 1.823281
1.8232814073562622,2.073615312576294
1.064404, 1.314340
1.3143402338027954,1.0644038915634155
3.844805, 3.827891
3.8278911113739014,3.8448047637939453
0.519710, 1.870341
1.8703408241271973,0.519709587097168
2.702656, 2.274307
2.2743070125579834,2.702655553817749
3.595326, 3.343543
3.3435428142547607,3.5953257083892822
1.832958, 1.871240
1.8712399005889893,1.8329577445983887
3.460706, 2.859358
2.8593575954437256,3.460705518722534
1.018061, 1.118575
1.1185753345489502,1.0180612802505493
2.059727, 1.517595
1.5175949335098267,2.059727430343628
2.722616, 2.176526
2.1765263080596924,2.72261643409729
3.500622, 3.060653
3.0606532096862793,3.5006215572357178
2.098809, 2.168478
2.168478012084961,2.098809242248535
2.862297, 1.767985
1.7679845094680786,2.8622970581054688
0.667262, 0.639476
0.6394761204719543,0.6672617793083191
1.276781, 1.163926
1.1639260053634644,1.276780605316162
-0.078377, 0.500236
0.5002359747886658,-0.0783768817782402
1.916813, 1.712693
1.7126929759979248,1.916812539100647
1.613421, 1.153989
1.153989315032959,1.613421082496643
1.619135, 1.694180
1.694179654121399,1.6191346645355225
0.129338, 0.007567
0.007567264139652252,0.12933842837810516
2.699114, 2.303705
2.3037052154541016,2.6991143226623535
-0.052352, -0.881444
-0.8814438581466675,-0.0523516945540905
-1.763184, -1.486012
-1.4860124588012695,-1.7631840705871582
0.742063, 1.074200
1.0741995573043823,0.7420631647109985
1.535778, 1.458532
1.4585316181182861,1.5357778072357178
1.637388, 1.683164
1.6831644773483276,1.6373878717422485
1.655005, 1.256945
1.256945013999939,1.6550053358078003
1.250329, 1.326374
1.3263741731643677,1.2503286600112915
0.230180, 0.146772
0.14677222073078156,0.2301802784204483
0.292735, 0.537031
0.5370306372642517,0.2927347421646118
2.231395, 2.206066
2.206066131591797,2.2313950061798096
1.977105, 1.728608
1.7286080121994019,1.977104663848877
-0.267056, -0.374160
-0.37416037917137146,-0.26705631613731384
2.749684, 2.577434
2.5774338245391846,2.7496838569641113
1.789865, 1.508987
1.5089869499206543,1.7898653745651245
3.221791, 2.902640
2.902639627456665,3.2217912673950195
1.899685, 1.247745
1.2477446794509888,1.8996851444244385
1.628855, 0.937899
0.9378989338874817,1.628854751586914
1.163096, 1.088915
1.088915467262268,1.1630959510803223
-0.550260, -0.449737
-0.4497373104095459,-0.5502599477767944
1.030870, 1.069948
1.0699478387832642,1.030869960784912
1.041861, 0.872823
0.8728230595588684,1.0418609380722046
1.736568, 1.228025
1.228025197982788,1.7365682125091553
0.981824, 1.007137
1.0071371793746948,0.981823742389679
1.653728, 1.555171
1.555171012878418,1.6537282466888428
1.378139, 0.410582
0.41058236360549927,1.3781391382217407
2.035637, 2.181741
2.181741237640381,2.035637378692627
1.175034, 1.083383
1.0833834409713745,1.1750335693359375
4.230732, 1.875540
1.8755396604537964,4.230731964111328
-0.974433, -0.304734
-0.30473387241363525,-0.9744327664375305
-1.680071, -1.907590
-1.9075895547866821,-1.6800706386566162
0.681401, 0.837357
0.837356686592102,0.6814005970954895
0.810873, 0.822234
0.8222343325614929,0.8108727931976318
2.041981, 1.610502
1.6105021238327026,2.041980504989624
1.545083, 0.955328
0.9553284049034119,1.545082926750183
0.227451, -0.030874
-0.030873673036694527,0.22745104134082794
1.570065, 1.561152
1.5611523389816284,1.5700651407241821
0.849550, 0.864055
0.8640546798706055,0.849550187587738
3.481770, 3.406182
3.406181573867798,3.4817700386047363
1.516803, 1.737254
1.7372537851333618,1.5168033838272095
-0.074787, -0.236212
-0.2362118363380432,-0.07478737086057663
2.595047, 2.326793
2.3267934322357178,2.5950469970703125
0.550079, 0.559482
0.5594820976257324,0.5500792860984802
-0.734617, -0.958962
-0.9589619636535645,-0.7346171140670776
-0.886514, -0.581567
-0.5815669894218445,-0.8865136504173279
1.642615, 1.795651
1.7956510782241821,1.6426148414611816
-0.259991, -0.315446
-0.31544622778892517,-0.2599906921386719
1.898746, 1.741320
1.741320252418518,1.8987462520599365
2.425778, 2.695104
2.6951041221618652,2.4257776737213135
0.447827, 0.558624
0.5586242079734802,0.4478267729282379
0.117137, -0.334051
-0.3340510129928589,0.11713708192110062
-1.180658, -1.004986
-1.0049859285354614,-1.180657982826233
2.067794, 2.125477
2.1254770755767822,2.067793607711792
0.997977, 1.073727
1.0737272500991821,0.9979768991470337
1.174044, 1.169656
1.1696563959121704,1.174044132232666
2.430650, 2.360237
2.360236883163452,2.430649995803833
-1.458647, -1.798062
-1.7980622053146362,-1.4586466550827026
2.779417, 2.746159
2.7461588382720947,2.7794172763824463
4.064311, 3.284681
3.2846806049346924,4.0643110275268555
0.455744, 0.682579
0.6825792789459229,0.45574408769607544
-0.342354, -0.038720
-0.03871992230415344,-0.3423537313938141
2.017644, 1.021688
1.0216875076293945,2.017643928527832
1.060622, 1.018594
1.0185937881469727,1.0606215000152588
0.277191, 0.091982
0.09198219329118729,0.2771912217140198
1.227035, 1.297228
1.2972276210784912,1.2270349264144897
0.695865, 0.475940
0.4759404957294464,0.6958649158477783
2.245476, 2.192238
2.192237615585327,2.245476007461548
-0.281509, -0.060896
-0.06089571863412857,-0.2815086245536804
-0.306545, -0.353452
-0.3534524738788605,-0.3065450191497803
1.235546, 0.959375
0.9593747854232788,1.2355455160140991
1.463160, 0.993562
0.9935615062713623,1.4631602764129639
1.473732, 1.280115
1.280115008354187,1.4737319946289062
1.064324, 1.191578
1.1915780305862427,1.0643242597579956
1.569181, 1.443460
1.443460464477539,1.5691810846328735
1.842349, 1.784563
1.784562587738037,1.8423490524291992
1.402370, 1.347530
1.3475297689437866,1.402369737625122
1.380960, 1.315428
1.315428376197815,1.3809601068496704
0.387974, 0.122431
0.12243097275495529,0.3879740834236145
0.667922, 1.089029
1.08902907371521,0.6679216027259827
-0.449932, -1.163269
-1.1632691621780396,-0.44993171095848083
1.343131, 1.090767
1.0907665491104126,1.343131184577942
0.587000, -0.415688
-0.41568759083747864,0.5869997143745422
0.969067, 0.998034
0.9980342984199524,0.9690672755241394
-0.104175, -0.098776
-0.0987761840224266,-0.1041746437549591
1.539002, 1.767061
1.7670613527297974,1.5390020608901978
1.505656, 1.142938
1.1429376602172852,1.5056556463241577
0.846288, 1.272614
1.2726144790649414,0.8462882041931152
1.267389, 0.972325
0.972324788570404,1.2673892974853516
0.039397, -0.402770
-0.4027704894542694,0.039397191256284714
1.163822, 0.936834
0.9368335604667664,1.1638224124908447
-3.024120, 0.734796
0.7347964644432068,-3.0241196155548096
0.612662, 0.727562
0.727561891078949,0.6126621961593628
-0.731657, -0.574515
-0.5745150446891785,-0.7316572666168213
1.548704, 1.017703
1.0177031755447388,1.5487035512924194
1.157195, 1.193120
1.1931196451187134,1.1571954488754272
2.363080, 2.276963
2.2769625186920166,2.3630800247192383
0.537364, 0.448411
0.44841116666793823,0.5373640060424805
2.773924, 2.686194
2.6861937046051025,2.773923635482788
0.945055, 0.817332
0.817331850528717,0.9450550675392151
1.218333, 1.319728
1.3197283744812012,1.218333125114441
1.937777, 1.728964
1.7289637327194214,1.937777042388916
1.188959, 0.698057
0.6980574727058411,1.1889593601226807
1.991531, 1.707036
1.7070358991622925,1.991531252861023
2.859102, 3.122510
3.1225101947784424,2.859102487564087
2.697284, 2.149901
2.1499009132385254,2.6972835063934326
1.648239, 1.549270
1.5492700338363647,1.6482387781143188
3.371377, 3.175201
3.175201177597046,3.3713767528533936
2.975342, 3.137870
3.1378698348999023,2.975342035293579
3.561077, 3.259886
3.2598860263824463,3.561077356338501
0.527235, 0.336241
0.3362409770488739,0.5272345542907715
0.645857, -0.358441
-0.35844069719314575,0.6458572745323181
1.670898, 1.495496
1.4954957962036133,1.6708980798721313
1.646077, 1.336160
1.3361603021621704,1.6460765600204468
1.845904, 1.478128
1.4781275987625122,1.8459044694900513
1.377767, 0.975662
0.97566157579422,1.3777670860290527
0.714131, 0.821792
0.8217918872833252,0.714130699634552
0.964917, 0.769109
0.7691085934638977,0.9649169445037842
1.154152, 0.748492
0.7484918236732483,1.1541515588760376
1.917645, 2.031518
2.031517744064331,1.917644739151001
0.401353, 0.549301
0.5493007302284241,0.40135326981544495
1.287001, 1.504756
1.5047564506530762,1.2870008945465088
3.397457, 8.077571
8.077570915222168,3.397456645965576
-0.032791, -0.343047
-0.34304705262184143,-0.03279092535376549
6.491321, 0.701808
0.7018084526062012,6.491320610046387
1.193628, 1.291215
1.2912153005599976,1.1936283111572266
2.980307, 3.416799
3.416799306869507,2.980307102203369
0.135434, 0.109429
0.10942866653203964,0.13543404638767242
-0.483102, -0.595420
-0.5954203009605408,-0.4831019341945648
0.950244, 1.189610
1.1896103620529175,0.9502443075180054
-0.852713, -0.423828
-0.4238277077674866,-0.8527131080627441
1.891088, 1.372460
1.3724604845046997,1.8910878896713257
0.433055, -0.285913
-0.2859131097793579,0.4330548644065857
1.881904, 1.775168
1.7751679420471191,1.8819035291671753
1.499774, 1.542056
1.5420562028884888,1.4997738599777222
0.490351, 0.767879
0.7678789496421814,0.4903506338596344
1.058499, 1.320050
1.3200503587722778,1.0584994554519653
4.396981, 3.715286
3.715285539627075,4.3969807624816895
0.946142, 0.434208
0.4342081546783447,0.9461421966552734
0.172924, 0.321389
0.3213891386985779,0.17292392253875732
2.931086, 3.164911
3.1649110317230225,2.9310855865478516
0.443464, 0.646510
0.6465100646018982,0.44346436858177185
0.438757, 0.189222
0.18922223150730133,0.4387573301792145
0.505833, 0.346385
0.34638461470603943,0.5058334469795227
2.386199, 2.458301
2.458301305770874,2.386199474334717
2.333129, 2.440087
2.440087080001831,2.333129405975342
3.242779, 3.349083
3.349083423614502,3.242778778076172
0.783280, 0.529072
0.5290722250938416,0.7832798361778259
-0.824780, -0.782610
-0.782609760761261,-0.8247802257537842
1.298006, 1.220317
1.220316767692566,1.2980058193206787
0.989742, 1.027254
1.0272542238235474,0.9897419810295105
1.268983, 1.599103
1.5991030931472778,1.2689826488494873
2.293352, 2.020879
2.020879030227661,2.293351650238037
0.876834, 1.006285
1.0062854290008545,0.8768337965011597
0.085462, 0.250344
0.25034382939338684,0.08546201884746552
6.680814, 0.937307
0.9373071789741516,6.680813789367676
1.523506, 1.614918
1.6149184703826904,1.5235061645507812
0.136054, -0.072508
-0.07250766456127167,0.1360539346933365
0.016463, 0.046193
0.04619259387254715,0.01646333560347557
-1.098625, -2.322907
-2.3229072093963623,-1.0986254215240479
-0.206321, -0.513238
-0.5132384896278381,-0.2063205987215042
0.711489, 0.562968
0.5629682540893555,0.7114893198013306
3.158262, 2.948266
2.9482662677764893,3.15826153755188
-0.972950, -0.684201
-0.6842010617256165,-0.9729500412940979
2.077021, 2.073702
2.0737016201019287,2.077021360397339
1.289966, 1.310167
1.3101674318313599,1.2899656295776367
2.486388, 2.826278
2.8262779712677,2.4863882064819336
0.236131, 0.147552
0.14755219221115112,0.2361305207014084
1.132586, 0.930237
0.9302371144294739,1.132585883140564
-1.922493, 0.707534
0.7075344920158386,-1.9224934577941895
0.924536, 0.939022
0.93902188539505,0.9245356917381287
-0.310086, 1.844598
1.8445979356765747,-0.31008630990982056
0.951367, 0.913473
0.9134725332260132,0.9513674378395081
0.966655, 0.939686
0.9396862387657166,0.9666550159454346
-0.354760, 1.562839
1.5628386735916138,-0.35476040840148926
-0.378019, -0.236866
-0.23686587810516357,-0.3780186176300049
1.967886, 2.060457
2.0604569911956787,1.967886209487915
1.472756, 0.424634
0.42463430762290955,1.4727556705474854
1.938995, 1.964086
1.9640864133834839,1.938995361328125
2.791067, 2.471369
2.4713685512542725,2.791067123413086
0.889651, 1.064595
1.064595103263855,0.8896507024765015
2.743762, 2.837798
2.8377978801727295,2.743762254714966
0.554318, 0.115822
0.1158222034573555,0.5543175339698792
1.239832, 1.052440
1.0524402856826782,1.239831566810608
1.136520, 1.525752
1.5257517099380493,1.1365201473236084
1.539216, 2.481919
2.4819185733795166,1.53921639919281
0.412472, 0.182188
0.18218766152858734,0.41247203946113586
1.901622, 1.880078
1.8800779581069946,1.90162193775177
2.707978, 2.832826
2.8328261375427246,2.707977771759033
1.222242, 1.184141
1.1841413974761963,1.2222421169281006
-0.643575, -0.421742
-0.42174243927001953,-0.6435749530792236
0.071705, -0.169650
-0.1696501523256302,0.07170476019382477
2.476646, 2.205251
2.205251455307007,2.4766459465026855
4.288040, 4.173624
4.173623561859131,4.288039684295654
1.581434, 1.583779
1.583778738975525,1.5814341306686401
1.128770, 1.322894
1.3228936195373535,1.128769874572754
0.798408, 0.769817
0.7698171734809875,0.7984084486961365
0.601602, 0.589714
0.5897142291069031,0.6016017198562622
1.871831, 1.737176
1.7371758222579956,1.871830701828003
1.683229, 1.443599
1.4435988664627075,1.6832292079925537
1.832761, 1.516002
1.516001582145691,1.8327606916427612
0.739906, 0.650110
0.6501100659370422,0.7399057149887085
-0.332440, -0.321321
-0.32132089138031006,-0.33244040608406067
2.153012, 2.213823
2.2138233184814453,2.1530117988586426
0.221782, -0.049588
-0.04958782345056534,0.22178198397159576
1.500303, 1.330822
1.3308221101760864,1.500303030014038
0.612735, 0.543606
0.5436058640480042,0.6127347350120544
-0.180703, -0.497875
-0.497874915599823,-0.18070343136787415
2.254607, 2.291684
2.29168438911438,2.2546069622039795
0.357183, 0.112350
0.11234953254461288,0.3571828007698059
-0.436829, 0.017121
0.017121000215411186,-0.4368290305137634
1.698436, 1.707458
1.7074581384658813,1.69843590259552
1.280746, 1.239464
1.2394640445709229,1.2807456254959106
2.033616, 1.889969
1.889968752861023,2.033615827560425
1.049080, 1.243699
1.2436991930007935,1.0490801334381104
3.703574, 4.154893
4.154893398284912,3.703573703765869
1.305583, 1.169196
1.169195532798767,1.3055833578109741
0.903040, 0.784541
0.7845413088798523,0.9030396938323975
-0.399196, -0.505916
-0.5059162378311157,-0.39919570088386536
0.197081, -0.180477
-0.18047721683979034,0.19708113372325897
1.337647, 1.668703
1.6687034368515015,1.3376471996307373
-1.014019, -0.706374
-0.7063736319541931,-1.01401948928833
0.823186, 1.220834
1.2208335399627686,0.8231858611106873
0.175797, 0.083128
0.0831279307603836,0.17579679191112518
-0.406325, -0.057908
-0.05790828913450241,-0.4063250720500946
2.872794, 2.053015
2.0530145168304443,2.8727943897247314
-1.169101, -1.362321
-1.362321138381958,-1.1691012382507324
-1.431273, -1.405600
-1.40559983253479,-1.4312729835510254
0.472175, 0.796855
0.7968553900718689,0.4721747040748596
0.250913, 0.310008
0.31000787019729614,0.25091278553009033
0.105979, 0.077064
0.07706350088119507,0.10597924888134003
0.850953, 0.655078
0.6550776958465576,0.8509533405303955
-0.652484, -0.556213
-0.5562126636505127,-0.6524842977523804
0.507684, 0.573622
0.573621928691864,0.5076839923858643
0.226370, 0.030032
0.030031615868210793,0.2263702005147934
0.154020, 0.255730
0.2557297348976135,0.15402011573314667
0.393387, 0.475526
0.4755258858203888,0.39338693022727966
4.421697, 1.659321
1.6593214273452759,4.421696662902832
-0.921730, -0.916049
-0.9160488247871399,-0.9217300415039062
1.520169, 1.110793
1.1107934713363647,1.5201690196990967
0.733489, 0.624631
0.6246309876441956,0.7334887385368347
-0.295551, -0.112508
-0.11250825971364975,-0.2955508232116699
-0.120257, 0.238546
0.23854559659957886,-0.1202571764588356
0.697855, 0.764977
0.7649772763252258,0.6978546380996704
-0.616092, -0.488945
-0.4889448285102844,-0.6160916686058044
0.160347, 0.526161
0.5261610150337219,0.16034677624702454
0.848021, 0.848716
0.8487156629562378,0.8480206727981567
1.599576, 1.903118
1.9031180143356323,1.5995763540267944
1.076434, 0.616707
0.6167073845863342,1.0764340162277222
-0.020191, 0.876424
0.8764235377311707,-0.020191436633467674
0.672484, 0.579037
0.5790373682975769,0.672483503818512
0.091903, -0.044742
-0.04474201053380966,0.09190346300601959
0.047249, 0.160084
0.16008436679840088,0.04724940285086632
-0.501367, -0.757406
-0.757405698299408,-0.5013672113418579
0.502562, 0.079243
0.07924332469701767,0.5025618672370911
-1.786530, -1.733484
-1.733483910560608,-1.7865298986434937
-1.337188, -1.367237
-1.3672369718551636,-1.3371883630752563
-0.760514, 0.013944
0.01394379697740078,-0.7605143189430237
-1.084816, -0.739835
-0.7398352026939392,-1.0848157405853271
-0.046466, -0.454477
-0.4544769823551178,-0.04646607115864754
1.514924, 1.591280
1.5912801027297974,1.5149236917495728
0.818675, 0.698895
0.6988954544067383,0.8186750411987305
0.561437, 0.519494
0.5194941759109497,0.5614367723464966
0.440156, 0.023385
0.02338479273021221,0.44015568494796753
1.349670, 1.470023
1.4700226783752441,1.3496698141098022
1.470283, 1.440647
1.4406474828720093,1.4702831506729126
1.137419, 1.027618
1.0276180505752563,1.137418508529663
2.422419, 2.268141
2.2681405544281006,2.4224190711975098
1.541471, 1.637040
1.6370395421981812,1.5414711236953735
0.803048, 0.837242
0.8372417092323303,0.8030481934547424
2.191025, 1.850798
1.8507977724075317,2.1910252571105957
0.491385, -0.078732
-0.07873154431581497,0.4913847744464874
0.843448, 0.065094
0.06509371101856232,0.8434480428695679
1.153390, 0.857091
0.8570913672447205,1.1533901691436768
1.169768, 1.081890
1.0818899869918823,1.1697677373886108
0.121021, 0.189804
0.1898038387298584,0.1210210993885994
0.359450, 0.299454
0.2994537949562073,0.35945039987564087
0.638007, 0.562188
0.5621883273124695,0.6380072832107544
-0.592939, -0.612518
-0.6125175356864929,-0.5929388999938965
-1.448830, -0.926445
-0.9264451861381531,-1.448830246925354
1.958066, 2.281512
2.2815117835998535,1.9580657482147217
-0.294240, -0.204486
-0.2044861912727356,-0.29423993825912476
-1.003584, -0.828863
-0.8288632035255432,-1.0035839080810547
1.226974, 0.638353
0.638353168964386,1.2269741296768188
0.319633, 0.325635
0.32563525438308716,0.3196333646774292
1.887311, 1.496281
1.496280550956726,1.8873106241226196
2.437176, 2.173740
2.1737396717071533,2.437176465988159
0.874980, 0.406419
0.40641939640045166,0.8749796152114868
1.392915, 1.564028
1.5640275478363037,1.3929146528244019
-0.051694, -0.384534
-0.3845342993736267,-0.05169367790222168
1.025694, 0.418440
0.4184396266937256,1.0256937742233276
1.012821, 0.704150
0.7041504979133606,1.0128213167190552
0.407563, 0.051443
0.0514427050948143,0.4075627624988556
1.457950, 0.721358
0.7213581204414368,1.4579498767852783
1.580571, 1.533589
1.5335887670516968,1.5805708169937134
0.695340, 0.333295
0.3332950472831726,0.6953404545783997
-0.265868, -0.412755
-0.4127552807331085,-0.2658676207065582
1.243164, 1.345358
1.3453580141067505,1.2431640625
-0.125716, 0.141884
0.14188404381275177,-0.12571588158607483
0.573300, 0.021528
0.021528298035264015,0.5733000636100769
0.311870, 0.296509
0.29650917649269104,0.3118703365325928
-1.709658, -1.566983
-1.5669828653335571,-1.7096576690673828
1.371764, 0.560451
0.5604506134986877,1.371763825416565
1.216387, 0.992652
0.9926523566246033,1.2163870334625244
7.128277, 3.798250
3.798250198364258,7.12827730178833
3.063919, 2.174152
2.17415189743042,3.0639185905456543
1.843041, 1.441112
1.4411118030548096,1.843041181564331
-0.142172, -0.622831
-0.6228306889533997,-0.14217214286327362
0.453058, 0.241295
0.24129489064216614,0.45305830240249634
-0.798523, -2.625283
-2.6252825260162354,-0.7985225915908813
0.205698, 0.514616
0.5146157145500183,0.20569787919521332
1.982932, 1.946292
1.9462919235229492,1.9829323291778564
1.557683, 1.230484
1.230484127998352,1.5576834678649902
1.155537, 0.957227
0.9572267532348633,1.1555371284484863
-1.228319, -1.972543
-1.9725428819656372,-1.2283188104629517
-0.220459, -0.065597
-0.06559672206640244,-0.22045932710170746
-1.795441, -1.671994
-1.6719944477081299,-1.7954411506652832
0.786324, 0.593271
0.5932707190513611,0.7863243818283081
-0.493160, -0.135380
-0.1353798508644104,-0.4931601285934448
3.284983, 2.931532
2.931532144546509,3.284982919692993
0.774913, 1.018933
1.0189332962036133,0.7749130725860596
2.659621, 2.315212
2.3152124881744385,2.659621000289917
2.593875, 2.336515
2.336515426635742,2.5938754081726074
2.524746, 2.719024
2.7190237045288086,2.5247464179992676
0.459047, 0.275399
0.2753986716270447,0.45904740691185
1.954723, 1.822287
1.82228684425354,1.9547231197357178
1.807448, 1.786123
1.7861233949661255,1.807448387145996
0.202313, -0.043579
-0.04357924312353134,0.20231342315673828
-0.219554, -0.746206
-0.7462055683135986,-0.2195541113615036
2.026795, 1.989391
1.9893914461135864,2.026794910430908
2.387200, 1.537642
1.5376416444778442,2.387199878692627
2.138073, 1.581154
1.581154227256775,2.138073444366455
1.116855, 1.598910
1.5989104509353638,1.1168549060821533
-0.829756, -0.609767
-0.6097667813301086,-0.829755961894989
0.845260, 0.584515
0.5845152735710144,0.8452600836753845
7.902950, -0.243001
-0.24300146102905273,7.902950286865234
0.408693, 0.430477
0.4304766058921814,0.40869322419166565
-0.441103, -0.572562
-0.5725616812705994,-0.44110289216041565
0.205493, 0.501889
0.5018891096115112,0.20549291372299194
3.367459, 2.780831
2.7808308601379395,3.3674585819244385
1.787865, 1.886230
1.8862303495407104,1.7878650426864624
-1.047914, -0.894099
-0.8940992951393127,-1.0479137897491455
-1.471859, -1.242291
-1.2422914505004883,-1.4718588590621948
0.221678, -0.064265
-0.06426523625850677,0.22167780995368958
0.597003, 0.995492
0.9954924583435059,0.5970031023025513
-0.127872, -0.747941
-0.7479413151741028,-0.1278715580701828
0.960586, 0.591819
0.5918188095092773,0.9605858325958252
2.893251, 2.256736
2.2567362785339355,2.893251419067383
0.808427, 0.210949
0.21094906330108643,0.8084272146224976
1.875197, 2.118718
2.118717670440674,1.8751965761184692
1.817602, 2.103609
2.103609085083008,1.8176015615463257
2.174102, 1.639089
1.63908851146698,2.174102306365967
2.422446, 2.349523
2.3495233058929443,2.4224460124969482
0.035371, -0.510579
-0.5105788111686707,0.035370975732803345
1.777348, 1.603412
1.6034115552902222,1.7773481607437134
0.998408, 1.249686
1.2496856451034546,0.998408317565918
-0.745943, -0.359352
-0.35935163497924805,-0.7459430694580078
1.461477, 1.503193
1.5031930208206177,1.4614769220352173
0.218938, 0.909263
0.9092631936073303,0.2189384400844574
0.357230, 0.563364
0.5633636116981506,0.3572300970554352
-0.707643, -0.852838
-0.8528379201889038,-0.7076431512832642
0.740335, -0.144727
-0.14472746849060059,0.7403354048728943
0.806020, 1.184947
1.1849466562271118,0.8060202598571777
0.881114, 0.644867
0.6448670029640198,0.8811144232749939
-0.692058, -0.891116
-0.8911160826683044,-0.6920576691627502
0.194230, -0.119557
-0.11955729871988297,0.19422976672649384
-1.545042, -1.242409
-1.2424088716506958,-1.5450423955917358
0.722271, 0.870066
0.8700664639472961,0.7222714424133301
-1.267979, -1.175395
-1.175395131111145,-1.2679790258407593
-1.387085, -1.262892
-1.2628917694091797,-1.3870846033096313
-0.268486, -0.484205
-0.484205424785614,-0.26848557591438293
-0.579763, -1.143666
-1.1436655521392822,-0.5797625780105591
-0.687458, -1.050207
-1.0502067804336548,-0.6874580979347229
-1.981502, -1.749411
-1.7494113445281982,-1.9815016984939575
-1.298847, -0.715405
-0.7154049873352051,-1.2988468408584595
-0.514664, -0.632497
-0.6324966549873352,-0.5146639347076416
-0.002896, -0.111646
-0.11164576560258865,-0.0028958239126950502
1.833150, 1.482707
1.482706904411316,1.8331501483917236
-0.498500, -1.120075
-1.1200754642486572,-0.49850013852119446
-1.398679, -1.214797
-1.2147972583770752,-1.3986790180206299
-0.546137, -0.793001
-0.7930013537406921,-0.5461373925209045
-0.364667, 0.363555
0.36355507373809814,-0.36466729640960693
0.239044, 0.443893
0.4438927173614502,0.23904402554035187
1.824653, 1.199941
1.199940800666809,1.8246532678604126
-0.303995, 0.073308
0.07330779731273651,-0.30399465560913086
1.051104, 1.372794
1.3727935552597046,1.0511043071746826
0.825945, 0.775828
0.77582848072052,0.8259446024894714
3.304760, 2.866383
2.8663828372955322,3.3047597408294678
-1.796170, -1.645304
-1.6453043222427368,-1.7961699962615967
0.759889, 0.718879
0.7188789248466492,0.759888768196106
-1.658874, -2.097117
-2.0971174240112305,-1.6588739156723022
-1.214505, -1.417358
-1.4173580408096313,-1.214504599571228
-0.704292, -0.410069
-0.41006940603256226,-0.7042924165725708
-1.778887, -1.696923
-1.6969225406646729,-1.7788865566253662
2.030860, 1.988981
1.9889806509017944,2.030860185623169
0.489559, 0.331344
0.33134397864341736,0.4895588159561157
1.475241, -1.099476
-1.0994764566421509,1.4752405881881714
0.247183, -0.017867
-0.017866870388388634,0.24718308448791504
2.898839, 3.058913
3.058912754058838,2.8988394737243652
1.246187, 1.115423
1.1154226064682007,1.2461872100830078
-0.563323, 0.059328
0.05932791531085968,-0.5633227825164795
-0.984699, -1.029411
-1.0294109582901,-0.9846991896629333
-0.000884, 0.148983
0.14898309111595154,-0.0008838071953505278
2.350180, 2.389401
2.3894007205963135,2.350179672241211
0.591471, 0.572838
0.5728381872177124,0.5914709568023682
1.871400, 1.832991
1.8329912424087524,1.871399998664856
2.315160, 2.548281
2.548280954360962,2.315160036087036
0.672160, 0.605263
0.605262815952301,0.6721601486206055
1.184472, 1.093377
1.0933765172958374,1.1844719648361206
3.038543, 2.632623
2.6326234340667725,3.0385427474975586
3.697606, 3.337499
3.3374991416931152,3.697605609893799
0.622308, 0.585304
0.5853040218353271,0.6223079562187195
-0.080442, 0.137452
0.13745200634002686,-0.08044237643480301
-1.079247, -1.145026
-1.145025610923767,-1.0792468786239624
0.125638, 0.340607
0.3406071662902832,0.1256381720304489
-1.269173, -1.168641
-1.1686408519744873,-1.2691733837127686
-1.191950, -0.649069
-0.6490687727928162,-1.1919504404067993
-1.713444, -1.367597
-1.3675974607467651,-1.7134443521499634
-0.284765, 0.123075
0.12307549268007278,-0.2847649157047272
0.355524, 0.172416
0.1724162995815277,0.35552382469177246
1.555141, 0.894142
0.8941418528556824,1.5551406145095825
1.866990, 1.506439
1.5064393281936646,1.8669898509979248
-1.741158, -1.225333
-1.2253326177597046,-1.7411584854125977
1.199278, 0.929643
0.9296433329582214,1.1992775201797485
-0.110148, 0.158741
0.15874060988426208,-0.11014796048402786
-1.355361, -1.611228
-1.6112278699874878,-1.355360984802246
-1.144170, -1.164811
-1.1648110151290894,-1.144169569015503
0.388588, 0.613052
0.6130524277687073,0.3885880708694458
0.167152, 0.405431
0.4054306447505951,0.16715171933174133
-1.605921, -1.505798
-1.5057975053787231,-1.6059209108352661
-1.048050, -1.008643
-1.0086427927017212,-1.0480496883392334
0.458900, 0.614537
0.614536702632904,0.45890012383461
0.319128, 0.395980
0.39598000049591064,0.3191280961036682
0.009217, 0.093456
0.09345561265945435,0.009217308834195137
3.995861, 3.928732
3.928731918334961,3.995861053466797
1.619063, 1.096456
1.0964559316635132,1.6190632581710815
2.066239, 2.200901
2.2009012699127197,2.06623911857605
2.139346, 2.108013
2.1080129146575928,2.139345645904541
2.171989, 2.243331
2.243330717086792,2.1719894409179688
0.883908, 1.356975
1.3569754362106323,0.8839078545570374
1.238418, 0.603062
0.603062093257904,1.238417625427246
1.992205, 2.136680
2.1366798877716064,1.9922047853469849
1.092241, 1.331277
1.331276774406433,1.0922411680221558
2.144667, 2.135740
2.135740041732788,2.144666910171509
0.818346, 0.808615
0.8086152672767639,0.8183459639549255
1.458041, 1.618306
1.6183058023452759,1.4580414295196533
1.853297, 2.093539
2.093538999557495,1.8532969951629639
1.386415, 1.869779
1.8697785139083862,1.386414885520935
1.383014, 0.471557
0.4715566039085388,1.3830143213272095
-0.260431, -0.192570
-0.19257032871246338,-0.26043060421943665
2.865077, 2.838660
2.8386595249176025,2.865076780319214
0.461483, 0.633406
0.6334055066108704,0.4614828824996948
0.896060, 0.876350
0.8763497471809387,0.8960601687431335
-0.135264, -0.070713
-0.07071279734373093,-0.13526415824890137
-0.894135, -0.869427
-0.8694270253181458,-0.8941345810890198
-0.529064, -0.383499
-0.38349902629852295,-0.5290639996528625
1.654544, 1.709417
1.7094171047210693,1.6545438766479492
6.022686, -0.274339
-0.2743387222290039,6.02268648147583
0.112120, 0.491155
0.49115484952926636,0.11211968958377838
-1.225002, -1.034046
-1.0340462923049927,-1.2250021696090698
0.470459, 0.478129
0.47812941670417786,0.47045931220054626
0.473061, 0.322541
0.32254117727279663,0.4730614125728607
-0.560214, -0.274570
-0.27457037568092346,-0.560213565826416
2.440956, 2.617328
2.617328405380249,2.4409563541412354
7.988541, 0.273806
0.2738063931465149,7.988541126251221
-0.299005, -0.198852
-0.19885170459747314,-0.29900458455085754
-0.132146, -0.055119
-0.05511949211359024,-0.13214610517024994
1.321203, 1.182907
1.1829068660736084,1.3212028741836548
-1.344555, -0.701037
-0.7010374665260315,-1.344555377960205
-0.441210, 0.093962
0.09396176785230637,-0.4412096440792084
-0.241050, 0.018690
0.018690075725317,-0.2410503327846527
1.230784, 1.634022
1.6340218782424927,1.2307841777801514
0.056388, 0.292961
0.2929605543613434,0.0563884973526001
0.666579, 0.156339
0.15633918344974518,0.6665791869163513
2.158775, 2.420029
2.420029401779175,2.1587750911712646
1.026965, 0.983105
0.9831051230430603,1.026964783668518
-1.143862, -0.112229
-0.11222922056913376,-1.1438618898391724
1.026911, 0.990146
0.9901461005210876,1.0269114971160889
1.733622, 0.253092
0.25309208035469055,1.7336223125457764
-0.598156, -0.152739
-0.15273931622505188,-0.5981560945510864
1.913964, 1.249747
1.2497470378875732,1.9139639139175415
2.205076, 2.051646
2.0516457557678223,2.2050764560699463
0.833081, 0.613186
0.6131855249404907,0.8330808877944946
-0.673714, -0.816886
-0.8168860077857971,-0.6737142205238342
0.248582, 0.069179
0.06917915493249893,0.24858151376247406
1.731948, 1.543447
1.5434473752975464,1.7319484949111938
-0.056134, 0.150154
0.15015411376953125,-0.0561339370906353
1.009513, 1.113989
1.1139894723892212,1.0095125436782837
0.079655, 0.416353
0.4163529574871063,0.0796552300453186
0.876361, 0.637456
0.6374555230140686,0.8763613104820251
0.366953, -0.177407
-0.1774066686630249,0.3669532835483551
-0.001428, 0.152671
0.15267081558704376,-0.0014279971364885569
-1.473673, -1.316886
-1.316886067390442,-1.4736734628677368
1.554308, 1.373733
1.3737329244613647,1.5543079376220703
2.383929, 2.203709
2.203709363937378,2.3839292526245117
1.266546, 1.255197
1.2551974058151245,1.2665458917617798
-0.541741, -1.079468
-1.0794683694839478,-0.5417406558990479
-1.062601, -1.108191
-1.1081913709640503,-1.0626014471054077
1.889770, 1.253081
1.2530808448791504,1.8897700309753418
0.402821, 0.323491
0.3234914541244507,0.40282121300697327
1.220454, 1.279960
1.2799595594406128,1.220454454421997
0.533831, 0.411351
0.4113513231277466,0.5338314771652222
-0.858769, -0.923712
-0.9237115383148193,-0.8587689399719238
3.999130, 3.519476
3.5194759368896484,3.9991300106048584
0.696380, 0.221351
0.2213514894247055,0.696380078792572
-1.098043, -0.066839
-0.0668385848402977,-1.0980433225631714
-0.634617, -0.807419
-0.8074190020561218,-0.634617030620575
0.587181, 0.957165
0.9571651816368103,0.5871809124946594
-0.127731, -0.390141
-0.39014101028442383,-0.1277308315038681
0.998343, 0.999857
0.9998572468757629,0.9983428716659546
0.023974, 0.108330
0.10832960158586502,0.02397441305220127
-0.652241, 0.232754
0.23275360465049744,-0.6522408723831177
-0.822055, -0.933676
-0.9336757063865662,-0.8220551013946533
1.660963, 1.661173
1.6611725091934204,1.6609630584716797
-0.557635, -0.780320
-0.7803201675415039,-0.5576345324516296
0.396415, 0.881358
0.8813581466674805,0.39641478657722473
-0.254639, 0.123997
0.12399739772081375,-0.25463899970054626
-1.535327, -1.736917
-1.7369165420532227,-1.5353268384933472
0.840957, 0.803334
0.8033344149589539,0.8409571051597595
2.147846, -1.082300
-1.0823003053665161,2.147845983505249
-0.837650, -0.633428
-0.6334282755851746,-0.8376498222351074
-1.456714, -1.541536
-1.5415364503860474,-1.4567139148712158
-1.051577, 0.016404
0.016403784975409508,-1.0515766143798828
-0.379666, -0.476705
-0.4767047166824341,-0.3796657919883728
2.878221, 1.906998
1.9069980382919312,2.878220796585083
3.141294, 3.653381
3.653380870819092,3.141293525695801
0.703492, 0.828432
0.8284318447113037,0.7034915089607239
-0.836646, -0.981305
-0.9813048243522644,-0.8366464376449585
-0.973126, -1.677115
-1.677114725112915,-0.9731259346008301
-1.641987, -1.644704
-1.6447035074234009,-1.6419873237609863
-0.689637, -1.017040
-1.0170403718948364,-0.6896373629570007
-1.528442, -1.440142
-1.440142273902893,-1.5284420251846313
-1.204905, -1.187389
-1.18738853931427,-1.2049047946929932
-1.305082, -1.091896
-1.0918956995010376,-1.3050824403762817
2.387751, 2.294549
2.2945492267608643,2.387751340866089
1.480897, 1.178874
1.1788744926452637,1.4808974266052246
3.824066, 3.489869
3.4898688793182373,3.824066162109375
0.903079, 0.876828
0.8768277764320374,0.903079092502594
0.047629, 0.257362
0.25736239552497864,0.04762886464595795
5.910222, 5.805590
5.8055901527404785,5.910222053527832
-1.237094, -1.350907
-1.3509074449539185,-1.2370942831039429
-0.397590, -0.167677
-0.16767731308937073,-0.39758971333503723
5.980726, 5.833794
5.833794116973877,5.9807257652282715
-0.119514, 0.244596
0.2445964217185974,-0.11951370537281036
-1.210813, -0.696250
-0.696249783039093,-1.2108125686645508
-1.564684, -1.265330
-1.265330195426941,-1.564684271812439
-0.815910, -0.294647
-0.29464688897132874,-0.8159104585647583
-0.882014, 0.115978
0.11597756296396255,-0.882014274597168
0.212029, -0.148151
-0.14815104007720947,0.2120293378829956
0.022616, -0.159906
-0.1599055528640747,0.02261599525809288
-1.684090, -1.452952
-1.4529520273208618,-1.684090495109558
0.084471, 0.629669
0.6296690702438354,0.08447115123271942
6.035357, 5.841898
5.841898441314697,6.0353569984436035
-1.433889, -1.521094
-1.5210944414138794,-1.4338889122009277
0.817351, 0.742011
0.7420110106468201,0.8173508048057556
0.211978, 0.542939
0.5429385304450989,0.2119782567024231
-1.546537, -1.288532
-1.2885321378707886,-1.546537160873413
-0.514359, -0.026778
-0.02677752636373043,-0.5143588185310364
-1.873450, -1.374561
-1.3745607137680054,-1.8734503984451294
1.294442, 0.772801
0.7728008031845093,1.294441819190979
1.279744, 0.907021
0.9070212244987488,1.279744267463684
-0.656758, -0.158714
-0.1587136685848236,-0.6567580103874207
0.071590, 0.364464
0.36446377635002136,0.07159017026424408
-1.438722, -1.815467
-1.815467357635498,-1.4387222528457642
1.588549, 1.582134
1.5821341276168823,1.5885485410690308
1.682404, 1.273711
1.2737106084823608,1.6824043989181519
-1.551093, -0.815717
-0.8157170414924622,-1.551093339920044
-0.794849, -0.742917
-0.742917001247406,-0.7948485016822815
1.492110, 0.156166
0.1561661958694458,1.4921103715896606
0.077661, 0.121786
0.12178558856248856,0.0776611864566803
1.593211, 1.493762
1.4937620162963867,1.5932105779647827
1.003250, 1.609925
1.6099246740341187,1.0032495260238647
0.767782, 2.242882
2.242882490158081,0.7677818536758423
-2.160543, -2.069720
-2.0697200298309326,-2.1605427265167236
0.109193, -0.917898
-0.9178975224494934,0.10919319093227386
-1.774188, -1.772994
-1.772994041442871,-1.7741883993148804
-0.811036, -0.836067
-0.8360673785209656,-0.8110362887382507
0.939061, 0.974837
0.9748372435569763,0.9390610456466675
0.735374, 0.727932
0.7279321551322937,0.7353739738464355
1.175314, 1.403434
1.4034343957901,1.17531418800354
2.561504, 2.566216
2.566216468811035,2.5615041255950928
-1.419639, -0.645914
-0.6459143757820129,-1.419638991355896
-0.292729, 0.203868
0.20386825501918793,-0.29272857308387756
1.762740, 1.429178
1.4291776418685913,1.7627402544021606
-0.125036, -0.033637
-0.03363732993602753,-0.12503591179847717
0.538413, 0.994429
0.994428813457489,0.5384126901626587
0.396764, 0.624729
0.6247289776802063,0.39676403999328613
2.335366, 2.216796
2.2167956829071045,2.3353664875030518
1.941478, 1.790314
1.7903136014938354,1.9414781332015991
-0.096741, -0.144494
-0.14449429512023926,-0.09674130380153656
2.666281, 2.635117
2.635117292404175,2.66628098487854
0.917076, 0.943775
0.943775475025177,0.9170756936073303
-1.098641, -1.085662
-1.0856622457504272,-1.098641276359558
0.525082, 1.147987
1.1479874849319458,0.5250820517539978
1.827142, 2.005523
2.0055229663848877,1.8271421194076538
1.289581, 1.139742
1.1397422552108765,1.2895809412002563
1.730616, 1.768233
1.7682325839996338,1.7306159734725952
0.704566, 0.648047
0.6480473875999451,0.7045655250549316
2.599593, 2.495859
2.495858907699585,2.599592685699463
0.184755, -0.057473
-0.05747252702713013,0.18475504219532013
0.980395, 1.274138
1.27413809299469,0.9803948402404785
0.575114, 0.648444
0.6484441757202148,0.5751141309738159
2.489599, 2.137063
2.1370632648468018,2.4895989894866943
2.154672, 1.953116
1.9531158208847046,2.1546719074249268
3.154277, 2.964902
2.964901924133301,3.1542766094207764
-1.178308, -0.790895
-0.7908949851989746,-1.1783076524734497
1.777103, 1.448733
1.4487332105636597,1.7771027088165283
1.490712, 1.213196
1.213195562362671,1.4907118082046509
1.426635, 2.341960
2.3419597148895264,1.4266349077224731
-0.416460, -0.492380
-0.49238044023513794,-0.41646048426628113
1.676488, 1.744818
1.7448182106018066,1.6764880418777466
2.128608, 2.038151
2.0381507873535156,2.1286075115203857
-0.538972, -0.624437
-0.6244367957115173,-0.538972020149231
2.353502, 2.841079
2.8410792350769043,2.353502035140991
2.538995, 2.525455
2.5254552364349365,2.538994789123535
1.291845, 1.354418
1.3544178009033203,1.2918450832366943
2.123915, 2.341647
2.341646671295166,2.123915195465088
2.688528, 2.652162
2.6521623134613037,2.6885275840759277
0.807070, 1.212168
1.2121683359146118,0.8070700764656067
2.115688, 2.014574
2.0145742893218994,2.115687608718872
2.267472, 2.010959
2.0109589099884033,2.267472267150879
1.897736, 1.757523
1.7575229406356812,1.8977361917495728
-0.544808, -0.099892
-0.09989198297262192,-0.5448080897331238
0.285341, 0.394629
0.3946293592453003,0.2853412330150604
0.468944, 0.245324
0.2453235387802124,0.4689437747001648
1.818575, 1.787955
1.7879549264907837,1.8185750246047974
1.727146, 1.552628
1.5526283979415894,1.7271456718444824
2.301422, 2.191229
2.1912291049957275,2.301421880722046
1.987103, 2.808518
2.808518171310425,1.98710298538208
0.986842, 1.085745
1.0857449769973755,0.986842155456543
2.775760, 2.106729
2.1067285537719727,2.775759696960449
0.638342, -0.190373
-0.1903730034828186,0.6383421421051025
2.154344, 2.125359
2.1253585815429688,2.154344320297241
-1.125487, -1.104856
-1.104856252670288,-1.1254870891571045
1.410465, 1.183802
1.1838017702102661,1.410464882850647
-0.946835, -0.606337
-0.6063370108604431,-0.9468351006507874
0.453025, 0.478438
0.4784378111362457,0.4530254006385803
2.485703, 2.413008
2.4130077362060547,2.485703229904175
-0.036294, -0.115050
-0.11504984647035599,-0.036293935030698776
0.989958, 1.632290
1.6322904825210571,0.9899581074714661
1.623999, 1.192716
1.1927158832550049,1.6239986419677734
2.752600, 2.830323
2.8303229808807373,2.7526004314422607
3.061366, 2.636005
2.636005401611328,3.061365842819214
0.415400, 1.449093
1.4490934610366821,0.41539981961250305
0.599596, 0.074165
0.0741647332906723,0.5995964407920837
2.476644, 2.227302
2.227302312850952,2.4766438007354736
0.178435, 0.155353
0.15535293519496918,0.17843472957611084
-1.299204, -1.808349
-1.8083492517471313,-1.2992042303085327
0.357197, 0.148409
0.14840948581695557,0.357197105884552
0.683971, 0.592613
0.5926131010055542,0.6839708685874939
1.816985, 1.725013
1.7250133752822876,1.8169854879379272
1.535405, 1.471663
1.4716631174087524,1.5354052782058716
-0.464630, -0.315606
-0.31560611724853516,-0.4646296501159668
1.364032, 0.724310
0.7243102788925171,1.3640321493148804
0.036121, 0.203976
0.20397572219371796,0.036121487617492676
-0.939633, -0.653983
-0.6539831757545471,-0.9396334886550903
2.275572, 2.377373
2.377372980117798,2.2755722999572754
0.585702, 0.994521
0.9945210218429565,0.5857018828392029
0.263310, 1.437150
1.4371498823165894,0.26331037282943726
1.863436, 1.353882
1.3538824319839478,1.8634361028671265
2.520096, 2.920662
2.9206621646881104,2.5200958251953125
1.575854, 1.763090
1.763089656829834,1.5758541822433472
2.585449, 2.664011
2.664011240005493,2.58544921875
0.578072, 1.220724
1.2207235097885132,0.5780717730522156
0.645815, 0.703938
0.7039383053779602,0.645814836025238
0.573961, 0.659555
0.6595550775527954,0.5739614963531494
3.756998, 3.821615
3.8216145038604736,3.75699782371521
1.248762, -0.776139
-0.7761393189430237,1.2487618923187256
0.260772, 2.130776
2.1307759284973145,0.2607719600200653
0.976577, 0.146724
0.1467244178056717,0.9765771627426147
-1.296799, -1.502885
-1.5028845071792603,-1.2967987060546875
-1.537925, -1.731848
-1.7318484783172607,-1.5379250049591064
1.247306, 1.143330
1.1433295011520386,1.2473056316375732
1.774077, 1.840577
1.8405765295028687,1.7740768194198608
2.974438, 2.856818
2.856818437576294,2.974438190460205
3.082519, 2.519203
2.5192034244537354,3.0825185775756836
1.758534, 1.112755
1.1127548217773438,1.7585338354110718
3.277269, 3.362094
3.3620941638946533,3.277268648147583
-0.473305, 0.056279
0.05627860873937607,-0.47330474853515625
2.255345, 2.347181
2.3471813201904297,2.2553446292877197
2.311831, 1.364293
1.364292860031128,2.311830759048462
1.510537, 1.190100
1.1901003122329712,1.5105366706848145
2.257766, 2.249141
2.249140501022339,2.257765531539917
0.669035, 0.697491
0.6974907517433167,0.6690350770950317
1.676515, 1.965458
1.965457797050476,1.6765154600143433
2.107473, 2.347964
2.347964286804199,2.1074726581573486
0.725976, 0.421843
0.4218425154685974,0.7259758114814758
-1.471838, -1.666371
-1.6663707494735718,-1.4718382358551025
-1.211211, -1.176114
-1.1761144399642944,-1.21121084690094
1.491786, 1.392040
1.3920401334762573,1.4917864799499512
-1.032164, -0.535579
-0.5355789065361023,-1.0321639776229858
5.149580, 5.208179
5.208178997039795,5.149580001831055
-1.392215, -1.472204
-1.4722042083740234,-1.3922148942947388
1.076446, 1.031717
1.031717300415039,1.0764461755752563
-0.376543, -0.491152
-0.49115198850631714,-0.37654316425323486
-0.937021, -0.954288
-0.9542884826660156,-0.9370209574699402
-1.341291, -1.220468
-1.2204675674438477,-1.341290831565857
-0.154859, -0.036749
-0.036749228835105896,-0.1548587679862976
0.102533, 0.128132
0.12813247740268707,0.1025327816605568
2.167156, 2.181741
2.181741237640381,2.1671555042266846
0.472653, 1.044898
1.0448975563049316,0.4726528227329254
3.132842, 1.221974
1.2219737768173218,3.1328415870666504
2.319203, 2.506992
2.5069921016693115,2.3192031383514404
0.853558, 0.832279
0.8322786688804626,0.8535583019256592
-1.072155, -1.022021
-1.022020697593689,-1.0721547603607178
0.435984, 2.257098
2.257098436355591,0.4359835088253021
-1.695207, -1.458883
-1.4588831663131714,-1.6952074766159058
0.955903, 1.193105
1.1931053400039673,0.9559026956558228
-1.156026, -0.641247
-0.6412469148635864,-1.1560261249542236
1.832872, 1.724629
1.7246290445327759,1.8328717947006226
-1.045921, -0.354969
-0.3549693822860718,-1.0459214448928833
0.843504, 0.492841
0.4928411841392517,0.8435041904449463
-0.015977, 0.980296
0.9802961349487305,-0.015976540744304657
0.798894, 0.557011
0.5570109486579895,0.7988944053649902
0.613180, 0.887634
0.8876335024833679,0.6131797432899475
2.003502, 2.114768
2.1147682666778564,2.003502130508423
1.468455, 1.274209
1.274208903312683,1.4684550762176514
-1.441590, -0.788076
-0.7880756258964539,-1.4415897130966187
0.618284, 1.737341
1.7373405694961548,0.6182838678359985
-1.488177, -1.653127
-1.6531270742416382,-1.488176703453064
0.538099, 1.490012
1.4900118112564087,0.5380986928939819
-0.767775, -0.737193
-0.7371932864189148,-0.7677748203277588
-0.064681, 0.484657
0.4846571683883667,-0.06468059867620468
1.646438, 1.570231
1.5702308416366577,1.6464383602142334
1.234076, 1.287014
1.2870136499404907,1.2340763807296753
0.497854, 0.986002
0.9860022664070129,0.49785441160202026
0.339372, 0.024210
0.0242104921489954,0.3393724858760834
0.506995, 0.388119
0.3881192207336426,0.5069954991340637
1.341383, 0.831155
0.8311546444892883,1.3413829803466797
1.893034, 1.571238
1.571238398551941,1.8930338621139526
-0.020030, 0.250344
0.25034382939338684,-0.02002992480993271
2.896062, 3.146296
3.146296262741089,2.896061658859253
1.664429, 1.310167
1.3101674318313599,1.6644290685653687
0.223905, 0.586149
0.5861492156982422,0.22390501201152802
0.209287, 0.181211
0.18121112883090973,0.20928671956062317
2.419489, 2.747561
2.747560739517212,2.4194886684417725
-1.726661, -1.030133
-1.0301331281661987,-1.7266607284545898
3.771520, 2.910454
2.9104535579681396,3.771519660949707
1.028074, 1.184141
1.1841413974761963,1.0280736684799194
0.445527, 0.716632
0.7166317701339722,0.4455273449420929
0.770792, 0.540471
0.5404713749885559,0.7707921862602234
0.431849, 0.236428
0.23642803728580475,0.43184924125671387
1.329710, 1.445336
1.445336103439331,1.3297104835510254
2.141050, 2.213823
2.2138233184814453,2.141050100326538
1.193621, 0.808726
0.8087257742881775,1.1936208009719849
0.780463, 0.917556
0.9175562262535095,0.7804625630378723
0.748163, 0.125771
0.12577050924301147,0.7481626272201538
-0.606232, 0.757555
0.757555365562439,-0.6062321066856384
0.366205, 0.225154
0.2251541167497635,0.36620527505874634
0.272177, 0.657826
0.6578263640403748,0.27217748761177063
1.050161, 0.090394
0.09039437770843506,1.0501607656478882
1.505724, 1.285914
1.2859138250350952,1.5057239532470703
0.392961, 0.130638
0.13063791394233704,0.3929612636566162
0.839965, 0.117802
0.11780194193124771,0.8399649858474731
-0.799084, 0.421673
0.4216731786727905,-0.7990840077400208
0.868399, 0.784541
0.7845413088798523,0.8683989644050598
2.097936, 2.051912
2.051912307739258,2.0979361534118652
1.174043, 0.369866
0.3698655664920807,1.1740425825119019
0.135798, 0.083128
0.08312787860631943,0.13579808175563812
-0.365506, -0.057908
-0.05790827423334122,-0.36550578474998474
0.179216, 0.260358
0.2603575587272644,0.1792161613702774
0.479149, 0.796855
0.7968553900718689,0.4791491627693176
0.879991, 0.785934
0.7859339714050293,0.8799905776977539
0.079826, 0.077063
0.07706347852945328,0.07982593029737473
0.521506, 0.475526
0.4755259156227112,0.5215060114860535
1.190831, 0.950454
0.9504535794258118,1.1908307075500488
0.806519, 0.848716
0.848715603351593,0.8065189719200134
0.396748, 0.610028
0.6100281476974487,0.3967479169368744
0.100636, 0.185148
0.18514761328697205,0.1006355881690979
0.552830, 0.079243
0.07924333214759827,0.5528302192687988
-0.435356, -0.471482
-0.47148171067237854,-0.43535616993904114
0.784378, 0.698895
0.6988954544067383,0.7843776941299438
1.130666, 0.908804
0.908804178237915,1.1306660175323486
1.659026, 1.711230
1.7112298011779785,1.6590261459350586
1.360794, 1.812976
1.8129760026931763,1.360794186592102
0.464986, 0.824522
0.8245223164558411,0.46498605608940125
0.719568, 0.637313
0.6373128294944763,0.7195683717727661
1.898662, 1.319130
1.3191300630569458,1.8986618518829346
1.562634, 0.749166
0.7491662502288818,1.5626336336135864
0.645313, 0.233258
0.23325832188129425,0.6453132033348083
-1.613713, -1.403157
-1.4031568765640259,-1.6137127876281738
0.067959, 0.164634
0.16463424265384674,0.06795945763587952
-1.315960, -1.259013
-1.2590128183364868,-1.3159595727920532
0.330067, 0.348355
0.3483550548553467,0.3300668001174927
0.306113, 1.408772
1.408772349357605,0.3061131238937378
0.175049, 0.330179
0.33017873764038086,0.17504888772964478
1.060866, 1.151949
1.1519488096237183,1.060866355895996
0.482824, 0.230481
0.23048105835914612,0.48282355070114136
-0.158875, -0.263565
-0.2635651230812073,-0.15887488424777985
-0.011649, -0.308555
-0.30855506658554077,-0.011648790910840034
-0.564408, -0.310760
-0.3107604682445526,-0.564408004283905
-2.012396, -1.555548
-1.5555475950241089,-2.0123960971832275
-0.774732, -0.588662
-0.5886622071266174,-0.7747316956520081
-0.545780, 0.510199
0.510199248790741,-0.545779824256897
2.192458, 3.032551
3.032550573348999,2.192457675933838
0.138408, 1.190641
1.1906410455703735,0.1384081244468689
-0.537423, -0.928133
-0.9281328320503235,-0.5374231338500977
0.558857, 0.464876
0.46487635374069214,0.5588570833206177
-0.611209, -0.457691
-0.4576909840106964,-0.6112090349197388
1.190881, 0.683634
0.6836339831352234,1.1908814907073975
-1.577304, -1.586729
-1.5867289304733276,-1.5773035287857056
0.679783, 0.235092
0.23509156703948975,0.6797833442687988
-0.096343, 0.127299
0.12729895114898682,-0.09634339809417725
1.508964, 1.473015
1.4730149507522583,1.5089640617370605
-0.222374, -0.063072
-0.06307244300842285,-0.22237429022789001
-1.613719, -1.242409
-1.2424088716506958,-1.6137189865112305
-0.989157, -0.994272
-0.9942724108695984,-0.9891574382781982
-0.058293, -1.210722
-1.2107223272323608,-0.05829276144504547
0.371687, 0.674889
0.6748888492584229,0.3716872036457062
-1.325137, -1.214797
-1.2147972583770752,-1.3251374959945679
-0.890906, -0.069573
-0.06957300752401352,-0.8909060955047607
-0.268277, 0.008372
0.008371582254767418,-0.26827651262283325
-1.732382, -0.740481
-0.7404807209968567,-1.7323815822601318
-1.741957, -1.367597
-1.3675974607467651,-1.7419565916061401
0.919737, 0.794339
0.7943392395973206,0.9197373986244202
0.495730, 0.172416
0.1724162995815277,0.49573013186454773
-0.311439, -0.318265
-0.31826484203338623,-0.31143856048583984
1.728840, 2.035650
2.035649538040161,1.7288401126861572
0.246145, 0.344123
0.34412312507629395,0.2461448460817337
-1.462663, -1.611228
-1.6112278699874878,-1.4626632928848267
0.202357, -0.092907
-0.09290691465139389,0.20235687494277954
-0.321741, 0.258946
0.2589457333087921,-0.32174134254455566
-0.914676, -0.916920
-0.9169201254844666,-0.9146762490272522
-0.929298, -0.464603
-0.4646031856536865,-0.9292984008789062
-1.185575, -0.819618
-0.8196175694465637,-1.185575008392334
-0.610331, 0.309615
0.30961453914642334,-0.6103312373161316
-1.581988, -1.505798
-1.5057975053787231,-1.5819884538650513
-1.394666, -0.624944
-0.6249437928199768,-1.3946655988693237
-0.523602, -0.740586
-0.74058598279953,-0.5236018896102905
1.057896, 1.331277
1.331276774406433,1.057895541191101
2.075547, 2.135740
2.135740041732788,2.0755467414855957
1.261188, 0.471557
0.4715566039085388,1.2611876726150513
2.836156, 2.838660
2.8386595249176025,2.836156129837036
0.255032, -0.048330
-0.04832969605922699,0.25503239035606384
1.993535, 1.249090
1.2490898370742798,1.9935352802276611
2.661386, 2.817022
2.8170220851898193,2.661386251449585
0.216357, 1.397982
1.3979822397232056,0.21635742485523224
0.184729, 0.831280
0.8312804102897644,0.18472857773303986
-0.514726, -0.652604
-0.6526036858558655,-0.5147261023521423
-0.771290, -1.196253
-1.1962525844573975,-0.7712900638580322
-0.392720, -0.309854
-0.30985379219055176,-0.392720490694046
-0.594513, 0.256773
0.25677332282066345,-0.5945128202438354
1.144449, 0.512610
0.5126098394393921,1.1444485187530518
-0.362953, -0.364297
-0.3642966151237488,-0.36295321583747864
1.807908, 1.894408
1.894407868385315,1.807908296585083
0.648190, 0.333496
0.3334963619709015,0.6481896638870239
-0.401003, -0.976119
-0.9761191010475159,-0.40100324153900146
0.308158, -0.124419
-0.12441875785589218,0.30815771222114563
0.874239, 0.613186
0.6131855249404907,0.874239444732666
-0.599629, -0.136830
-0.1368301510810852,-0.5996289849281311
0.513924, 0.400996
0.40099629759788513,0.513923704624176
-1.471771, -1.316886
-1.316886067390442,-1.4717713594436646
-0.254744, -0.355647
-0.35564711689949036,-0.2547436058521271
-0.779824, -1.013707
-1.013706922531128,-0.7798241972923279
2.957093, 2.281610
2.281609535217285,2.9570932388305664
-1.274804, -1.278614
-1.2786144018173218,-1.2748037576675415
-2.764999, -2.464599
-2.464599370956421,-2.7649986743927
0.176885, 0.033661
0.03366146981716156,0.17688488960266113
-1.661637, -1.510662
-1.5106618404388428,-1.6616370677947998
-0.569815, -0.780320
-0.7803201675415039,-0.5698153972625732
-1.107493, -0.847013
-0.8470126390457153,-1.107493281364441
-0.568692, -0.457413
-0.4574134349822998,-0.568691611289978
-0.744003, -0.124836
-0.12483588606119156,-0.7440025210380554
-0.828613, -0.565281
-0.565281331539154,-0.8286128640174866
0.228224, -0.224209
-0.2242085486650467,0.22822429239749908
-0.595690, -1.537285
-1.5372849702835083,-0.5956898331642151
3.822542, 3.489869
3.4898688793182373,3.8225419521331787
-1.628643, -1.878745
-1.878745198249817,-1.6286427974700928
-1.204285, -1.024263
-1.024262547492981,-1.2042845487594604
1.674973, 0.361430
0.36142978072166443,1.674973487854004
-0.788061, -1.014497
-1.014496922492981,-0.7880613803863525
0.432109, 0.655442
0.6554415225982666,0.43210890889167786
1.094789, 0.973570
0.9735695719718933,1.0947893857955933
-1.510130, -1.413546
-1.4135464429855347,-1.5101302862167358
0.429063, 0.798769
0.7987694144248962,0.42906317114830017
0.995056, 1.247131
1.2471305131912231,0.9950562715530396
0.718776, 0.654755
0.6547550559043884,0.7187756896018982
-2.048090, -1.170807
-1.1708070039749146,-2.0480902194976807
0.390522, 0.604626
0.604626476764679,0.39052173495292664
0.928411, 0.974837
0.9748371839523315,0.9284112453460693
2.608916, 2.566216
2.566216468811035,2.6089158058166504
-0.300510, 0.203868
0.2038682997226715,-0.30050963163375854
1.754471, 1.429178
1.4291777610778809,1.7544714212417603
-0.134249, -0.033637
-0.033637307584285736,-0.13424944877624512
0.888983, 0.994429
0.994428813457489,0.8889827132225037
0.397312, 0.624729
0.6247289180755615,0.3973124027252197
-0.110241, -0.144494
-0.14449431002140045,-0.11024057865142822
-0.931236, -1.018396
-1.0183964967727661,-0.931235671043396
-0.432270, -0.123824
-0.12382372468709946,-0.4322701096534729
0.854999, 0.486669
0.48666912317276,0.8549993634223938
3.096232, 2.626062
2.6260616779327393,3.096231698989868
1.337085, 1.160396
1.1603955030441284,1.3370851278305054
0.934290, 1.044245
1.0442453622817993,0.9342897534370422
-0.528399, -0.438084
-0.4380842447280884,-0.5283992886543274
0.246450, 0.622679
0.6226794719696045,0.2464500516653061
0.372050, 2.733044
2.733044147491455,0.37205004692077637
2.771567, 2.638896
2.6388962268829346,2.77156662940979
0.527908, 0.771731
0.7717306017875671,0.5279079675674438
2.599992, 2.412725
2.4127252101898193,2.599991798400879
2.069208, 1.184001
1.1840012073516846,2.0692079067230225
-0.705109, 0.032312
0.032312050461769104,-0.7051085829734802
1.829015, 1.775475
1.7754753828048706,1.829014778137207
-0.614637, -0.222347
-0.22234690189361572,-0.6146371364593506
0.027359, 0.104855
0.10485530644655228,0.027359090745449066
4.141985, 3.372308
3.372307538986206,4.1419854164123535
3.737932, 3.633667
3.633666753768921,3.737931966781616
2.051383, 2.052236
2.0522360801696777,2.0513834953308105
4.278518, 3.603042
3.6030423641204834,4.278518199920654
1.925207, 1.985492
1.9854916334152222,1.9252066612243652
0.900621, 1.148875
1.1488754749298096,0.9006213545799255
4.326343, 4.746842
4.746841907501221,4.326343059539795
0.923363, 1.371075
1.37107515335083,0.923363208770752
6.517683, 6.559323
6.559322834014893,6.517683029174805
2.771840, 2.799569
2.7995693683624268,2.7718398571014404
3.683456, 3.621651
3.6216506958007812,3.6834559440612793
2.129784, 2.709850
2.7098498344421387,2.1297836303710938
3.378453, 3.180450
3.180449962615967,3.378453254699707
1.575166, 1.752605
1.752604603767395,1.575165867805481
0.661312, 0.498217
0.49821704626083374,0.66131192445755
2.542848, 1.901784
1.901784062385559,2.5428478717803955
-0.013224, -0.483792
-0.4837918281555176,-0.01322354655712843
1.955127, 2.394836
2.394836187362671,1.9551273584365845
2.691155, 2.817971
2.8179712295532227,2.691154956817627
3.244617, 3.086245
3.08624529838562,3.2446165084838867
1.814693, 2.012473
2.0124731063842773,1.8146933317184448
2.333653, 1.421819
1.4218188524246216,2.333653211593628
3.364274, 2.121184
2.1211838722229004,3.3642737865448
1.927006, 1.932808
1.9328083992004395,1.9270061254501343
1.832247, 2.073526
2.0735256671905518,1.832247257232666
0.356494, 1.642792
1.6427918672561646,0.35649436712265015
2.166878, 1.837006
1.837005615234375,2.1668784618377686
3.088411, 3.164912
3.164912462234497,3.0884108543395996
3.614367, 1.835369
1.8353689908981323,3.6143665313720703
0.884375, 0.679124
0.6791238188743591,0.8843749165534973
4.150120, 4.090580
4.090580463409424,4.150119781494141
3.241989, 2.799390
2.7993898391723633,3.2419888973236084
-0.873527, -0.410569
-0.4105690121650696,-0.8735272884368896
-1.026260, 0.115141
0.11514050513505936,-1.0262597799301147
1.389874, 0.092508
0.0925084576010704,1.3898738622665405
0.359831, 0.400747
0.4007471203804016,0.3598308265209198
1.369195, 1.801769
1.8017691373825073,1.369194746017456
1.059757, 1.108473
1.1084727048873901,1.0597572326660156
1.067376, 1.059578
1.0595775842666626,1.0673761367797852
1.996454, 2.071012
2.071011543273926,1.9964537620544434
1.850708, 1.786919
1.786919355392456,1.8507076501846313
0.921140, 0.892247
0.8922473192214966,0.9211401343345642
-1.175712, -1.204420
-1.2044202089309692,-1.1757123470306396
0.399670, 0.199888
0.19988824427127838,0.39966973662376404
1.448112, 1.366907
1.3669072389602661,1.4481115341186523
0.398366, -0.459127
-0.4591270089149475,0.3983658254146576
0.269343, -0.137008
-0.1370084583759308,0.2693430185317993
0.663653, 0.435661
0.4356606602668762,0.663652777671814
1.315238, 1.185974
1.185973882675171,1.3152384757995605
1.219976, 1.141788
1.141788363456726,1.2199760675430298
1.978036, 2.261072
2.2610719203948975,1.978035807609558
-0.358473, -0.449870
-0.4498703181743622,-0.35847291350364685
0.998711, 0.990583
0.9905825257301331,0.9987114071846008
0.542062, 0.345127
0.34512656927108765,0.5420615077018738
1.020639, 0.325208
0.3252077102661133,1.0206385850906372
0.171134, 0.427376
0.42737624049186707,0.17113351821899414
1.704329, 1.359461
1.3594611883163452,1.7043293714523315
0.411129, 0.490772
0.4907724857330322,0.411128968000412
0.952412, 1.103206
1.1032060384750366,0.9524124264717102
1.874344, 1.864279
1.8642786741256714,1.874343752861023
0.900809, 0.845142
0.845141589641571,0.900808572769165
0.755182, 0.863732
0.863731861114502,0.7551819086074829
3.063880, 2.339006
2.339006185531616,3.063880443572998
1.243153, 0.623652
0.6236521601676941,1.2431526184082031
1.608633, 1.252788
1.2527881860733032,1.6086333990097046
2.575719, 1.760291
1.7602909803390503,2.575719118118286
-0.909370, -1.381597
-1.3815966844558716,-0.9093702435493469
0.557915, 0.641706
0.6417059302330017,0.5579147934913635
-0.136472, -0.889588
-0.8895882964134216,-0.13647222518920898
1.084313, 0.653875
0.6538745164871216,1.0843133926391602
-1.214634, -1.250072
-1.2500717639923096,-1.214633822441101
0.821840, 0.251765
0.2517649829387665,0.8218399286270142
-1.892590, -1.219660
-1.2196604013442993,-1.8925895690917969
1.633522, 3.735471
3.7354705333709717,1.6335220336914062
0.524954, -0.064008
-0.06400754302740097,0.5249536633491516
1.489105, 1.189332
1.1893316507339478,1.489105463027954
-0.334436, -0.309275
-0.30927470326423645,-0.3344358801841736
3.524863, 3.669372
3.6693718433380127,3.5248630046844482
1.737196, 1.195192
1.1951924562454224,1.7371962070465088
3.006789, 2.159740
2.1597402095794678,3.006788730621338
0.518901, 0.940068
0.9400683641433716,0.5189005732536316
-1.533860, -1.229370
-1.2293704748153687,-1.5338603258132935
-0.647962, -0.778167
-0.7781670093536377,-0.6479616165161133
-1.060853, -0.763208
-0.763207733631134,-1.0608534812927246
-0.830904, -1.062772
-1.0627716779708862,-0.8309040665626526
1.840558, 0.954634
0.9546343088150024,1.8405579328536987
3.072256, 2.395437
2.3954367637634277,3.072255849838257
-0.549523, -0.859858
-0.8598576188087463,-0.5495232939720154
-1.176298, -0.554885
-0.5548850893974304,-1.1762984991073608
1.016090, 0.839782
0.8397820591926575,1.0160900354385376
0.762713, 0.889094
0.8890941739082336,0.7627131342887878
5.468450, 2.681338
2.681337594985962,5.468449592590332
2.491274, 2.142751
2.1427509784698486,2.491273880004883
0.891469, 0.899215
0.8992146253585815,0.8914694786071777
-0.561427, -0.519143
-0.5191430449485779,-0.561427116394043
0.506103, 1.013396
1.01339590549469,0.5061030387878418
-2.054901, -1.612536
-1.6125363111495972,-2.054900884628296
-0.114785, 0.434602
0.4346015453338623,-0.11478520929813385
-0.709129, -0.289503
-0.2895031273365021,-0.7091285586357117
0.623180, 1.181249
1.1812494993209839,0.6231803297996521
-0.878452, -0.513442
-0.5134424567222595,-0.8784524202346802
0.765164, 0.867244
0.867244303226471,0.7651644349098206
-0.994379, -1.101611
-1.1016112565994263,-0.9943785071372986
0.295016, 0.464716
0.46471643447875977,0.29501622915267944
1.337538, 1.217535
1.217535138130188,1.337538242340088
1.530199, 1.557076
1.5570764541625977,1.5301986932754517
-0.604679, -0.057848
-0.05784755200147629,-0.6046786308288574
-2.374907, -2.517247
-2.517246961593628,-2.3749070167541504
-0.507626, -0.450586
-0.4505857229232788,-0.5076258778572083
2.718450, 2.902996
2.902996301651001,2.7184500694274902
-1.677712, -1.841515
-1.841515064239502,-1.6777124404907227
0.523998, 0.127502
0.12750151753425598,0.5239977240562439
-0.691855, 0.350378
0.35037761926651,-0.6918551921844482
0.041671, 0.142229
0.14222879707813263,0.04167114570736885
1.745496, 2.016680
2.0166797637939453,1.745496392250061
-1.029230, -1.418653
-1.4186525344848633,-1.029229760169983
2.892037, 2.314403
2.3144032955169678,2.8920369148254395
-1.668887, -1.242304
-1.2423036098480225,-1.668886661529541
2.153029, 2.040811
2.040811061859131,2.153028964996338
0.654526, 0.171421
0.1714208871126175,0.6545259952545166
1.614549, 0.395099
0.39509883522987366,1.6145490407943726
-0.187631, 0.374623
0.3746229410171509,-0.18763071298599243
4.209658, 3.888178
3.8881783485412598,4.209657669067383
-0.795656, -0.057587
-0.05758744478225708,-0.7956555485725403
-0.387167, 0.524419
0.5244187116622925,-0.3871670365333557
4.013070, 4.053539
4.053539276123047,4.0130696296691895
-0.780451, -1.266043
-1.2660428285598755,-0.7804509401321411
-12.804547, -2.479467
-2.4794671535491943,-12.804547309875488
1.892701, 1.782202
1.7822020053863525,1.8927007913589478
2.275823, 2.222856
2.222856283187866,2.275822639465332
-1.106144, -1.166853
-1.1668531894683838,-1.1061439514160156
-0.436082, 1.302262
1.302262306213379,-0.4360816478729248
-1.077495, -0.392231
-0.392230749130249,-1.0774948596954346
-0.685951, -0.324813
-0.32481250166893005,-0.6859506964683533
2.337793, 2.286861
2.286860704421997,2.3377931118011475
1.883757, 1.699947
1.6999473571777344,1.8837566375732422
2.490065, 2.454951
2.454951047897339,2.490065097808838
1.099581, 1.788692
1.7886921167373657,1.099581241607666
1.369251, 0.877512
0.8775118589401245,1.3692514896392822
2.773586, 2.702961
2.7029612064361572,2.7735860347747803
-0.323768, 0.117010
0.11700960993766785,-0.32376837730407715
0.045953, -0.639607
-0.6396073698997498,0.045952633023262024
0.495865, 0.747432
0.7474318742752075,0.495865136384964
1.443421, 1.262613
1.2626134157180786,1.4434205293655396
-1.062784, -1.025365
-1.0253645181655884,-1.0627840757369995
-0.700827, -0.321306
-0.3213062286376953,-0.700827419757843
0.873962, 1.526733
1.5267332792282104,0.8739618062973022
0.173761, -0.301041
-0.3010407090187073,0.17376059293746948
1.985346, 2.068009
2.068009376525879,1.985345721244812
0.414002, 0.551926
0.5519261360168457,0.4140017330646515
1.143048, 0.904945
0.9049451947212219,1.1430479288101196
2.878864, 3.002550
3.0025503635406494,2.87886381149292
2.279978, 1.794407
1.7944073677062988,2.279977560043335
-1.195550, -0.174307
-0.1743074655532837,-1.1955504417419434
1.367494, 0.822581
0.82258141040802,1.3674938678741455
1.366523, 1.661966
1.661966323852539,1.3665227890014648
1.439625, 1.494617
1.4946165084838867,1.4396250247955322
1.761554, 1.795805
1.7958046197891235,1.76155424118042
-0.288587, -0.234449
-0.2344491183757782,-0.2885865271091461
3.302485, 3.011084
3.0110836029052734,3.3024845123291016
0.618243, 1.116992
1.1169918775558472,0.6182432174682617
2.317513, 1.785705
1.7857046127319336,2.3175125122070312
-0.147434, 0.080581
0.08058058470487595,-0.14743445813655853
0.996579, 0.490903
0.49090275168418884,0.9965788125991821
2.513913, 2.538097
2.5380971431732178,2.5139129161834717
1.009657, 0.252603
0.25260278582572937,1.0096567869186401
1.168899, 0.286040
0.2860395908355713,1.1688991785049438
1.128978, 1.264836
1.2648364305496216,1.1289775371551514
1.750130, 1.536909
1.5369092226028442,1.7501299381256104
2.129553, 1.967585
1.9675852060317993,2.1295528411865234
1.372950, 1.956541
1.9565411806106567,1.3729497194290161
2.358180, 2.330448
2.3304481506347656,2.358180046081543
-0.699356, -0.883841
-0.8838408589363098,-0.6993556022644043
0.965564, 0.853357
0.8533572554588318,0.9655637145042419
-0.302640, -0.285798
-0.2857980728149414,-0.30263981223106384
-1.461179, 0.061248
0.061248451471328735,-1.4611786603927612
0.313678, 0.213412
0.21341237425804138,0.31367751955986023
2.906950, 2.900238
2.900237560272217,2.906949996948242
3.245396, 3.958612
3.9586122035980225,3.245396137237549
1.368936, 2.619782
2.6197822093963623,1.3689364194869995
2.528911, 3.305094
3.3050944805145264,2.5289111137390137
2.110671, 3.188852
3.1888515949249268,2.110670566558838
1.920186, 2.692232
2.692232370376587,1.9201858043670654
-1.189973, -1.306010
-1.3060098886489868,-1.1899728775024414
2.594582, 1.947467
1.9474667310714722,2.5945816040039062
2.400322, 1.987166
1.987165927886963,2.4003217220306396
3.853604, 4.072477
4.072476863861084,3.8536040782928467
-0.654159, -0.919065
-0.9190645813941956,-0.6541585326194763
-0.124343, -0.387756
-0.3877556324005127,-0.12434304505586624
1.589578, 1.644510
1.6445096731185913,1.5895779132843018
0.760692, 0.715154
0.7151537537574768,0.760692298412323
4.190396, 3.340500
3.3405001163482666,4.190396308898926
1.021262, 0.995873
0.9958731532096863,1.0212616920471191
0.858767, 1.212058
1.2120579481124878,0.8587672114372253
1.955440, 1.231449
1.2314494848251343,1.9554396867752075
1.514032, 1.224296
1.2242964506149292,1.514032006263733
1.112511, 0.784990
0.7849902510643005,1.1125112771987915
1.918325, 1.942506
1.942505955696106,1.9183253049850464
3.726748, 4.357745
4.3577446937561035,3.72674822807312
1.120522, 1.078158
1.0781575441360474,1.1205224990844727
1.418553, 3.433457
3.433457374572754,1.4185534715652466
2.227106, 2.413765
2.413764715194702,2.2271058559417725
3.743753, 3.075945
3.075944662094116,3.743752956390381
1.663680, 0.515180
0.5151801109313965,1.6636803150177002
3.783798, 5.907287
5.907286643981934,3.7837977409362793
4.329743, 3.398927
3.3989269733428955,4.329743385314941
0.214386, -0.393488
-0.3934875726699829,0.21438564360141754
2.116305, 2.382945
2.3829448223114014,2.116305351257324
2.655698, 2.918624
2.918623685836792,2.65569806098938
2.087785, 2.542016
2.54201602935791,2.087785005569458
3.812094, 3.771419
3.771418809890747,3.8120944499969482
1.563617, 2.452597
2.4525973796844482,1.5636168718338013
3.232440, 2.831788
2.831787586212158,3.2324397563934326
1.918223, 1.937789
1.9377886056900024,1.9182230234146118
2.032556, 1.722563
1.7225631475448608,2.0325560569763184
0.379853, 1.317201
1.3172005414962769,0.3798533082008362
1.650446, 2.153454
2.1534535884857178,1.650445580482483
2.093453, 1.734059
1.73405921459198,2.0934529304504395
3.004269, 3.039524
3.0395238399505615,3.0042693614959717
3.699219, 3.771507
3.7715070247650146,3.69921875
3.416694, 2.924840
2.924839973449707,3.416694402694702
-0.534861, -0.456533
-0.45653313398361206,-0.5348607301712036
2.152003, 2.220155
2.2201550006866455,2.152003049850464
0.609506, 0.716187
0.7161865830421448,0.6095061302185059
-1.645180, -1.143860
-1.1438597440719604,-1.645180106163025
0.419597, 1.099501
1.0995005369186401,0.41959676146507263
4.077761, 4.098505
4.09850549697876,4.077760696411133
1.974485, 2.075313
2.075312852859497,1.9744846820831299
1.279327, 1.124943
1.1249428987503052,1.279327154159546
-0.530685, -0.491638
-0.4916378855705261,-0.530685305595398
1.285004, 2.247133
2.2471327781677246,1.2850041389465332
2.280858, 1.588392
1.5883915424346924,2.280857563018799
2.964674, 2.264018
2.2640175819396973,2.9646737575531006
1.637127, 1.852346
1.8523463010787964,1.6371272802352905
1.248686, 1.105335
1.1053346395492554,1.2486858367919922
1.639148, 1.880640
1.8806401491165161,1.6391478776931763
0.671757, 0.816260
0.8162598013877869,0.6717568039894104
0.844472, 0.775482
0.7754821181297302,0.8444722890853882
1.662727, 2.041796
2.0417964458465576,1.6627265214920044
0.946337, 0.651444
0.651444137096405,0.9463372230529785
0.792049, 0.617348
0.617348313331604,0.7920494675636292
3.449138, 2.382498
2.382497549057007,3.4491384029388428
3.536613, 3.294136
3.294135808944702,3.5366125106811523
1.591583, 0.981482
0.9814822673797607,1.591583251953125
2.881058, 3.308760
3.308760404586792,2.8810579776763916
0.944887, 0.852906
0.852905809879303,0.9448865056037903
0.328606, 0.112022
0.1120215579867363,0.32860586047172546
1.568949, 1.776344
1.7763442993164062,1.5689486265182495
0.527937, 0.070081
0.07008098810911179,0.5279368758201599
1.613654, 1.536429
1.5364290475845337,1.6136544942855835
3.381493, 3.158976
3.1589763164520264,3.381493091583252
2.040158, 1.948687
1.9486867189407349,2.040158271789551
1.715499, 0.982766
0.9827655553817749,1.7154991626739502
3.429435, 3.485973
3.4859726428985596,3.4294352531433105
0.688729, 0.752772
0.7527716159820557,0.6887291669845581
0.700921, 0.170697
0.17069676518440247,0.7009212970733643
1.170959, 1.137887
1.1378871202468872,1.1709587574005127
0.140971, 0.350819
0.35081881284713745,0.14097052812576294
-0.052850, 0.181838
0.18183830380439758,-0.05284987390041351
0.850007, 0.471979
0.4719793200492859,0.8500074744224548
2.333702, 1.851233
1.8512331247329712,2.3337020874023438
0.431347, 1.167561
1.1675612926483154,0.43134674429893494
1.556116, 1.633796
1.6337960958480835,1.5561156272888184
2.823969, 2.656294
2.656294345855713,2.8239691257476807
2.330840, 2.084273
2.084273099899292,2.3308398723602295
1.883060, 1.829998
1.8299981355667114,1.8830595016479492
2.345813, 2.015421
2.01542067527771,2.345813035964966
3.418355, 3.244504
3.24450421333313,3.4183549880981445
2.622304, 2.722934
2.7229340076446533,2.6223039627075195
2.116297, 1.891847
1.8918465375900269,2.1162965297698975
3.528252, 3.631521
3.6315205097198486,3.528252124786377
1.446271, 1.078571
1.0785709619522095,1.4462711811065674
0.033827, 0.019500
0.01949981413781643,0.03382699191570282
3.316324, 3.392239
3.3922388553619385,3.3163235187530518
0.097995, 0.509184
0.5091844797134399,0.09799501299858093
0.677104, 1.098858
1.0988579988479614,0.6771036386489868
-1.255864, -1.297439
-1.2974389791488647,-1.2558635473251343
1.235369, 1.036456
1.036455512046814,1.2353688478469849
-0.118145, -0.097821
-0.09782131016254425,-0.11814521253108978
1.087442, 1.214975
1.2149745225906372,1.0874422788619995
-0.638817, -0.313254
-0.31325432658195496,-0.6388165354728699
0.788811, 0.665234
0.6652336120605469,0.7888107895851135
0.133434, 0.198287
0.19828693568706512,0.13343431055545807
-0.149746, -0.249551
-0.24955064058303833,-0.14974597096443176
-0.138243, 0.398409
0.39840933680534363,-0.13824301958084106
0.734743, 0.493461
0.49346107244491577,0.7347434163093567
2.921001, 3.057911
3.0579111576080322,2.9210009574890137
2.269915, 2.250679
2.2506792545318604,2.2699153423309326
2.848182, 1.862967
1.8629670143127441,2.848182439804077
1.549333, 1.541451
1.54145085811615,1.5493332147598267
0.515287, 0.384757
0.3847571611404419,0.515286922454834
-0.426195, -1.032459
-1.0324585437774658,-0.4261952042579651
0.764555, 0.930517
0.9305168986320496,0.7645545601844788
0.076084, 1.286868
1.2868678569793701,0.07608403265476227
2.010096, 6.091072
6.091071605682373,2.010096311569214
0.325525, 0.131883
0.13188329339027405,0.3255245089530945
0.437171, 0.415241
0.4152414798736572,0.43717092275619507
0.645439, 1.129483
1.1294832229614258,0.6454387903213501
-2.145003, -1.869508
-1.869508147239685,-2.145003080368042
-0.905599, -1.115515
-1.1155149936676025,-0.9055987000465393
1.411300, 1.450044
1.4500439167022705,1.4113001823425293
0.050944, -0.053994
-0.053994134068489075,0.05094395950436592
0.343037, 0.218652
0.21865200996398926,0.343037486076355
0.822663, 0.844007
0.8440067172050476,0.8226628303527832
0.972761, 0.927084
0.9270840883255005,0.9727606177330017
-0.184049, 0.009387
0.009387122467160225,-0.18404896557331085
-0.271669, -0.132601
-0.1326010525226593,-0.27166947722435
1.044604, 1.125067
1.1250673532485962,1.0446038246154785
0.628296, 0.523194
0.5231938362121582,0.6282956600189209
0.731710, 1.398640
1.3986395597457886,0.7317104339599609
-0.321501, -0.207405
-0.20740458369255066,-0.32150065898895264
-0.419009, -0.475633
-0.4756331443786621,-0.41900932788848877
0.253261, 0.525639
0.5256391763687134,0.25326135754585266
3.768650, 3.693890
3.693889856338501,3.7686502933502197
1.135225, 1.267833
1.267832636833191,1.1352250576019287
0.607973, 0.757906
0.7579057812690735,0.6079732775688171
1.011588, 0.963785
0.9637851119041443,1.0115879774093628
-1.026635, -1.408727
-1.4087265729904175,-1.026634693145752
-1.642939, -1.580146
-1.5801457166671753,-1.6429389715194702
-1.387061, -0.638606
-0.6386063694953918,-1.387060523033142
1.006299, 0.960722
0.960722029209137,1.006298542022705
1.107519, 1.109942
1.109941840171814,1.1075191497802734
-0.380792, -0.314066
-0.3140663504600525,-0.38079220056533813
1.006680, 0.945880
0.9458799958229065,1.0066797733306885
0.433350, 0.519094
0.5190940499305725,0.4333496689796448
3.700655, 2.856930
2.8569300174713135,3.700655221939087
